<?xml version="1.0" encoding="UTF-8" ?>
<!-- Save and Discard Button-->
<templates>
    <t
        t-name="web_save_discard_button.FormStatusIndicator"
        t-inherit="web.FormStatusIndicator"
        t-inherit-mode="extension"
        owl="1"
    >
        <xpath expr="//button/i[(hasclass('fa-cloud-upload'))]" position="replace">
            <span class="save_button">Save</span>
        </xpath>
        <xpath expr="//button/i[(hasclass('fa-undo'))]" position="replace">
            <span class="discard_button">Discard</span>
        </xpath>
    </t>
</templates>
